sentence1,sentence2,label
"Amrozi accused his brother , whom he called "" the witness "" , of deliberately distorting his evidence .","Referring to him as only "" the witness "" , Amrozi accused his brother of deliberately distorting his evidence .",1
Yucaipa owned Dominick 's before selling the chain to Safeway in 1998 for $ 2.5 billion .,Yucaipa bought Dominick 's in 1995 for $ 693 million and sold it to Safeway for $ 1.8 billion in 1998 .,0
"They had published an advertisement on the Internet on June 10 , offering the cargo for sale , he added .","On June 10 , the ship 's owners had published an advertisement on the Internet , offering the explosives for sale .",1
"Around 0335 GMT , Tab shares were up 19 cents , or 4.4 % , at A $ 4.56 , having earlier set a record high of A $ 4.57 .","Tab shares jumped 20 cents , or 4.6 % , to set a record closing high at A $ 4.57 .",0
"The stock rose $ 2.11 , or about 11 percent , to close Friday at $ 21.51 on the New York Stock Exchange .",PG & E Corp. shares jumped $ 1.63 or 8 percent to $ 21.03 on the New York Stock Exchange on Friday .,1
Revenue in the first quarter of the year dropped 15 percent from the same period a year earlier .,"With the scandal hanging over Stewart 's company , revenue the first quarter of the year dropped 15 percent from the same period a year earlier .",1
"The Nasdaq had a weekly gain of 17.27 , or 1.2 percent , closing at 1,520.15 on Friday .","The tech-laced Nasdaq Composite .IXIC rallied 30.46 points , or 2.04 percent , to 1,520.15 .",0
The DVD-CCA then appealed to the state Supreme Court .,The DVD CCA appealed that decision to the U.S. Supreme Court .,1
"That compared with $ 35.18 million , or 24 cents per share , in the year-ago period .",Earnings were affected by a non-recurring $ 8 million tax benefit in the year-ago period .,0
"Shares of Genentech , a much larger company with several products on the market , rose more than 2 percent .","Shares of Xoma fell 16 percent in early trade , while shares of Genentech , a much larger company with several products on the market , were up 2 percent .",0
Legislation making it harder for consumers to erase their debts in bankruptcy court won overwhelming House approval in March .,"Legislation making it harder for consumers to erase their debts in bankruptcy court won speedy , House approval in March and was endorsed by the White House .",0
"The Nasdaq composite index increased 10.73 , or 0.7 percent , to 1,514.77 .","The Nasdaq Composite index , full of technology stocks , was lately up around 18 points .",0
But he added group performance would improve in the second half of the year and beyond .,De Sole said in the results statement that group performance would improve in the second half of the year and beyond .,1
He told The Sun newspaper that Mr. Hussein 's daughters had British schools and hospitals in mind when they decided to ask for asylum .,""" Saddam 's daughters had British schools and hospitals in mind when they decided to ask for asylum -- especially the schools , "" he told The Sun .",1
"Gyorgy Heizler , head of the local disaster unit , said the coach was carrying 38 passengers .","The head of the local disaster unit , Gyorgy Heizler , said the coach driver had failed to heed red stop lights .",0
Rudder was most recently senior vice president for the Developer & Platform Evangelism Business .,"Senior Vice President Eric Rudder , formerly head of the Developer and Platform Evangelism unit , will lead the new entity .",0
"As well as the dolphin scheme , the chaos has allowed foreign companies to engage in damaging logging and fishing operations without proper monitoring or export controls .",Internal chaos has allowed foreign companies to set up damaging commercial logging and fishing operations without proper monitoring or export controls .,0
"Sheena Young of Child , the national infertility support network , hoped the guidelines would lead to a more "" fair and equitable "" service for infertility sufferers .","Sheena Young , a spokesman for Child , the national infertility support network , said the proposed guidelines should lead to a more "" fair and equitable "" service for infertility sufferers .",1
""" I think you 'll see a lot of job growth in the next two years , "" he said , adding the growth could replace jobs lost .",""" I think you 'll see a lot of job growth in the next two years , "" said Mankiw .",0
"The new Finder puts a user 's folders , hard drive , network servers , iDisk and removable media in one location , providing one-click access .","Panther 's redesigned Finder navigation tool puts a user 's favourite folders , hard drive , network servers , iDisk and removable media in one location .",1
"But tropical storm warnings and watches were posted today for Haiti , western portions of the Dominican Republic , the southeastern Bahamas and the Turk and Caicos islands .","Tropical storm warnings were in place Thursday for Jamaica and Haiti and watches for the western Dominican Republic , the southeastern Bahamas and the Turks and Caicos islands .",1
A federal magistrate in Fort Lauderdale ordered him held without bail .,"Zuccarini was ordered held without bail Wednesday by a federal judge in Fort Lauderdale , Fla .",1
A BMI of 25 or above is considered overweight ; 30 or above is considered obese .,"A BMI between 18.5 and 24.9 is considered normal , over 25 is considered overweight and 30 or greater is defined as obese .",0
"Six months ago , the IMF and Argentina struck a bare-minimum $ 6.8-billion debt rollover deal that expires in August .","But six months ago , the two sides managed to strike a $ 6.8-billion debt rollover deal , which expires in August .",1
"Inhibited children tend to be timid with new people , objects , and situations , while uninhibited children spontaneously approach them .","Simply put , shy invividuals tend to be more timid with new people and situations .",1
"I wanted to bring the most beautiful people into the most beautiful building , he said Sunday inside the Grand Central concourse .",""" I wanted to bring the most beautiful people into the most beautiful building , "" Tunick said Sunday .",1
"The broad Standard & Poor 's 500 < .SPX > fell 10.75 points , or 1.02 percent , to 1,039.32 .","The S & P 500 index was up 1.26 , or 0.1 percent , to 1,039.32 after sinking 10.75 yesterday .",0
"Duque will return to Earth Oct. 27 with the station 's current crew , U.S. astronaut Ed Lu and Russian cosmonaut Yuri Malenchenko .",Currently living onboard the space station are American astronaut Ed Lu and Russian cosmonaut Yuri Malenchenko .,0
"Singapore is already the United States ' 12th-largest trading partner , with two-way trade totaling more than $ 34 billion .","Although a small city-state , Singapore is the 12th-largest trading partner of the United States , with trade volume of $ 33.4 billion last year .",1
"The largest gains were seen in prices , new orders , inventories and exports .","Sub-indexes measuring prices , new orders , inventories and exports increased .",1
Trading in Loral was halted yesterday ; the shares closed on Monday at $ 3.01 .,"The New York Stock Exchange suspended trading yesterday in Loral , which closed at $ 3.01 Friday .",1
Earnings per share from recurring operations will be 13 cents to 14 cents .,That beat the company 's April earnings forecast of 8 to 9 cents a share .,0
"He plans to have dinner with troops at Kosovo 's U.S. military headquarters , Camp Bondsteel .","After that , he plans to have dinner at Camp Bondsteel with U.S. troops stationed there .",1
Retailers J.C. Penney Co . Inc . ( JCP ) and Walgreen Co . ( WAG ) kick things off on Monday .,Retailers J.C. Penney Co . Inc . JCP.N and Walgreen Co . WAG.N kick things off on Monday .,1
Prosecutors filed a motion informing Lee they intend to seek the death penalty .,He added that prosecutors will seek the death penalty .,1
"Last year the court upheld Cleveland 's school voucher program , ruling 5-4 that vouchers are constitutional if they provide parents a choice of religious and secular schools .","Last year , the court ruled 5-4 in an Ohio case that government vouchers are constitutional if they provide parents with choices among a range of religious and secular schools .",1
He beat testicular cancer that had spread to his lungs and brain .,"Armstrong , 31 , battled testicular cancer that spread to his brain .",0
"Sorkin , who faces charges of conspiracy to obstruct justice and lying to a grand jury , was to have been tried separately .",Sorkin was to have been tried separately on charges of conspiracy and lying to a grand jury .,1
"Graves reported from Albuquerque , Villafranca from Austin and Ratcliffe from Laredo .",Pete Slover reported from Laredo and Gromer Jeffers from Albuquerque .,0
"The US chip market is expected to decline 2.1 percent this year , then grow 15.7 percent in 2004 .","The Americas market will decline 2.1 percent to $ 30.6 billion in 2003 , and then grow 15.7 percent to $ 35.4 billion in 2004 .",1
"The group will be headed by State Department official John S. Wolf , who has served in Australia , Vietnam , Greece and Pakistan .","The group will be headed by John S. Wolf , an assistant secretary of state who has served in Australia , Vietnam , Greece and Pakistan .",1
"The commission must work out the plan 's details , but the average residential customer paying $ 840 a year would get a savings of about $ 30 annually .",An average residential customer paying $ 840 a year for electricity could see a savings of $ 30 annually .,0
The company has said it plans to restate its earnings for 2000 through 2002 .,"The company had announced in January that it would have to restate earnings for 2002 , 2001 and perhaps 2000 .",1
Results from No. 2 U.S. soft drink maker PepsiCo Inc . PEP.N were likely to be in the spotlight .,Results from No. 2 U.S. soft drink maker PepsiCo Inc . ( nyse : PEP - news - people ) were likely to be in the spotlight .,1
""" The result is an overall package that will provide significant economic growth for our employees over the next four years . """,""" The result is an overall package that will provide a significant economic growth for our employees over the next few years , "" he said .",1
"The songs are on offer for 99 cents each , or $ 9.99 for an album .",The company will offer songs for 99 cents and albums for $ 9.95 .,1
"However , the talk was downplayed by PBL which said it would focus only on smaller purchases that were immediately earnings and cash flow accretive .","The talk , however , has been downplayed by PBL which said it would focus only on smaller purchases that were immediately earnings and cash flow-accretive .",1
Comcast Class A shares were up 8 cents at $ 30.50 in morning trading on the Nasdaq Stock Market .,The stock rose 48 cents to $ 30 yesterday in Nasdaq Stock Market trading .,1
The Washington Post said Airlite would shut down its first shift and parts of the second shift Monday to accommodate the president ’ s appearance .,"The plant plans to shut down its first shift and parts of the second shift Monday to accommodate the president 's appearance , Crosby said .",1
"A former teammate , Carlton Dotson , has been charged with the murder .","His body was found July 25 , and former teammate Carlton Dotson has been charged in his shooting death .",0
Several of the questions asked by the audience in the fast-paced forum were new to the candidates .,Several of the audience questions were new to the candidates as well .,1
"Meanwhile , the global death toll approached 770 with more than 8,300 people sickened since the severe acute respiratory syndrome virus first appeared in southern China in November .","The global death toll from SARS was at least 767 , with more than 8,300 people sickened since the virus first appeared in southern China in November .",1
The battles marked day four of a U.S. sweep to hunt down supporters of Saddam Hussein 's fallen regime .,"Twenty-seven Iraqis were killed , pushing the number of opposition deaths to about 100 in a U.S. operation to hunt down supporters of Saddam Hussein 's fallen regime .",0
"The women then had follow-up examinations after five , 12 and 24 years .","The women had follow-up examinations in 1974-75 , 1980-81 and 1992-93 , but were not asked about stress again .",0
The Embraer jets are scheduled to be delivered by September 2006 .,The Bombardier and Embraer aircraft will be delivered to U.S. Airways by September 2006 .,0
"Contrary to what PeopleSoft management would have you believe , Oracle intends to fully support PeopleSoft customers and products for many years to come . ""","Ellison said that contrary to the contentions of PeopleSoft management , Oracle intends to "" fully support PeopleSoft customers and products "" for many years to come .",1
"Application Intelligence will be included as part of the company 's SmartDefense application , which is included with Firewall-1 .","The new application intelligence features will be available June 3 and are included with the SmartDefense product , which comes with FireWall-1 .",0
"American Masters : Arthur Miller , Elia Kazan and the Blacklist : None Without Sin ( Wed .","Note the subheading of this terrible parable in the "" American Masters "" series , "" Arthur Miller , Elia Kazan and the Blacklist : None Without Sin . """,0
"The downtime , to take place in May and June , is expected to cut production by 60 million to 70 million board feet .",The downtime is expected to take 60 million to 70 million board feet out of the companys system .,1
"On July 3 , Troy is expected to be sentenced to life in prison without parole .",Troy faces life in prison without parole at his July 30 sentencing .,1
"The University of Michigan released a new undergraduate admission process Thursday , dropping a point system the U.S. Supreme Court found unconstitutional in June .",The University of Michigan released today a new admissions policy after the U.S. Supreme Court struck down in June the way it previously admitted undergraduates .,1
The processors were announced in San Jose at the Intel Developer Forum .,"The new processor was unveiled at the Intel Developer Forum 2003 in San Jose , Calif .",1
"The Justice Department filed suit Thursday against the state of Mississippi for failing to end what federal officials call "" disturbing "" abuse of juveniles and "" unconscionable "" conditions at two state-run facilities .","The Justice Department filed a civil rights lawsuit Thursday against the state of Mississippi , alleging abuse of juvenile offenders at two state-run facilities .",0
It said the damage to the wing provided a pathway for hot gasses to penetrate the ship 's thermal armor during Columbia 's ill-fated reentry .,The document says the damage to the wing provided a pathway for hot gases to penetrate Columbia 's thermal armour during its fatal re-entry .,1
"Also demonstrating box-office strength _ and getting seven Tony nominations _ was a potent revival of Eugene O 'Neill 's family drama , "" Long Day 's Journey Into Night . ""","Also demonstrating box-office strength -- and getting seven Tony nominations -- was a potent revival of Eugene ONeills family drama , Long Days Journey Into Night . """,1
But Secretary of State Colin Powell brushed off this possibility Wednesday .,Secretary of State Colin Powell last week ruled out a non-aggression treaty .,1
"Thomas and Tauzin say , as do many doctors , that the Bush administration has the power to correct some of those flaws .","Like many doctors , Mr. Thomas and Mr. Tauzin say the Bush administration has the power to correct some of those flaws .",1
"Based on experience elsewhere , it could take up to two years before regular elections are held , he added .","U.S. military officials have said it could take up to two years before regular elections are held , based on experiences elsewhere in the world .",1
"The first biotechnology treatment for asthma , the constriction of the airways that affects millions around the world , received approval from the US Food and Drug Administration yesterday .","The first biotechnology treatment for asthma , the constriction of the airways that affects millions of Americans , received approval from the U.S. Food and Drug Administration on Friday .",1
"FBI agents arrested a former partner of Big Four accounting firm Ernst & Young ERNY.UL on criminal charges of obstructing federal investigations , U.S. officials said on Thursday .",A former partner of accountancy firm Ernst & Young was yesterday arrested by FBI agents in the US on charges of obstructing federal investigations .,1
Kelly will begin meetings with Russian Deputy Foreign Minister Alexander Losyukov in Washington on Monday .,Russian Deputy Foreign Minister Alexander Losyukov said in Moscow Tuesday a firm date would be fixed by this months end .,0
"The latest shooting linked to the spree was a November 11 shooting at Hamilton Central Elementary School in Obetz , about 3km from the freeway .","Another shooting linked to the spree occurred Nov. 11 at Hamilton Central Elementary in Obetz , about two miles from the freeway .",1
"The Dow Jones Industrial Average ended down 128 points , or 1.4 % , at 9073 , while the Nasdaq fell 34 points , or 2.1 % , to 1610 .","In early trading , the Dow Jones industrial average was up 3.90 , or 0.04 percent , at 9,113.75 , having gained 36.90 on Tuesday .",0
PDC will also almost certainly fan the flames of speculation about Longhorn 's release .,PDC will also almost certainly reignite speculation about release dates of Microsoft 's new products .,1
Sales - a figure watched closely as a barometer of its health - rose 5 percent instead of falling as many industry experts had predicted .,It also disclosed that sales -- a figure closely watched by analysts as a barometer of its health -- were significantly higher than industry experts expected .,1
"NEC is pitching its wireless gear and management software to a variety of industries , including health care and hospitality .","NEC 's pitching its wireless gear and management software to a variety of industries , including healthcare and hospitality , a company spokesman said .",1
"Elena Slough , considered to be the nation 's oldest person and the third oldest person in the world , died early Sunday morning .","ELENA Slough , considered to be the oldest person in the US and the third oldest person in the world , has died .",1
""" We are declaring war on sexual harassment and sexual assault .",""" We have declared war on sexual assault and sexual harassment , "" Rosa said .",1
"The technology-laced Nasdaq Composite Index < .IXIC > added 1.92 points , or 0.12 percent , at 1,647.94 .","The technology-laced Nasdaq Composite Index .IXIC dipped 0.08 of a point to 1,646 .",0
"The dollar was at 117.85 yen against the Japanese currency , up 0.1 percent .","Against the Swiss franc the dollar was at 1.3289 francs , up 0.5 percent on the day .",0
"El Watan , an Algerian newspaper , reported that the kidnappers fiercely resisted the army assault this morning , firing Kalashnikov rifles .","El Watan , an Algerian newspaper , reported that the kidnappers put up fierce resistance during the army assault , firing Kalashnikov rifles .",1
"But Mitsubishi Tokyo Financial ( JP : 8306 : news , chart , profile ) declined 3,000 yen , or 0.65 percent , to 456,000 yen .","Sumitomo Mitsui Financial ( JP : 8316 : news , chart , profile ) was down 2.5 percent at 198,000 yen .",0
""" We 're just dealing with bragging rights here , who wins and who loses . """,""" Leaving aside attorney fees , we 're dealing with bragging rights of who wins and who loses , "" said Gammerman .",0
Shares of Hartford rose $ 2.88 to $ 46.50 in New York Stock Exchange composite trading .,"Shares of Hartford were up $ 2.28 , or 5.2 percent , to $ 45.90 in midday trading .",1
This Palm OS smart phone is the last product the company will release before it becomes a part of palmOne .,This was almost certainly its last full quarter before the company becomes a part of Palm .,0
And they think the protein probably is involved in the spread of other forms of cancer .,They researchers say the research could be relevant to other forms of cancer .,0
"Tokyo Electric Power Co . , Asia 's largest power company , won approval to restart the first of 17 nuclear reactors it shut down after it admitted falsifying inspection reports .","Tokyo Electric Power Co . , Asia 's largest power company , restarted the first of 17 nuclear reactors it shut down after admitting it falsified inspection reports .",1
"Tuition at four-year private colleges averaged $ 19,710 this year , up 6 percent from 2002 .","For the current academic year , tuition at public colleges averaged $ 4,694 , up almost $ 600 from the year before .",1
Security lights have also been installed and police have swept the grounds for booby traps .,Security lights have also been installed on a barn near the front gate .,0
"He said that with the U.S.-backed peace plan , or road map , “ in a coma , ” the attack could easily widen conflict through the region .","Mr Jouejati said that with the US-backed road map "" in a coma "" the attack could easily widen through the region .",1
"A successful attack could be launched within any type of document that supports VBA , including Microsoft Word , Excel or PowerPoint .","But this could happen with any document format that supports VBA , including Word , Excel or PowerPoint .",1
"Officials at Brandeis said this was an "" extremely heartrending "" time for the campus .",""" This is an extremely heartrending time for the entire Brandeis University community .",1
""" If that ain 't a Democrat , I must be at the wrong meeting , "" he said .","And if that ain 't a Democrat , then I must be in the wrong meeting , "" he said to thunderous applause from his supporters .",0
Fewer than a dozen FBI agents were dispatched to secure and analyze evidence .,Fewer than a dozen FBI agents will be sent to Iraq to secure and analyze evidence of the bombing .,1
Those who only had surgery lived an average of 46 months .,"For those who got surgery alone , median survival was 41 months .",1
Tonight a spokesman for Russia 's foreign ministry said the ministry may issue a statement on Thursday clarifying Russia 's position on cooperation with Iran 's nuclear-energy efforts .,Tonight a spokesman for the Russian Foreign Ministry said it might issue a statement on Thursday clarifying Russia 's position on aiding Iran 's nuclear-energy efforts .,1
"A day earlier , a committee appointed by reformist President Mohammad Khatami called for an independent judicial inquiry into Kazemi 's death .","A day earlier , a committee appointed by President Mohammad Khatami had called for an independent inquiry into the 54-year-old photojournalist 's death .",1
"The suite comes complete with a word processor , spreadsheet , presentation software and other components , while continuing its tradition of utilizing an XML-based file format .","The suite includes a word processor , spreadsheet , presentation application ( analogous to PowerPoint ) , and other components -- all built around the XML file format .",1
"Downstream at Mount Vernon , the Skagit River was expected to crest at 36 feet -- 8 feet above flood stage -- tonight , Burke said .","The Skagit was expected to crest during the night at 38 feet at Mount Vernon , 10 feet above flood stage , the National Weather Service said .",1
"The blue-chip Dow Jones industrial average eased 44 points , or 0.47 percent , to 9,543 , after scoring five consecutive up sessions .","The Dow Jones industrial average .DJI rose 18.25 points , or 0.19 percent , to 9,586.71 .",0
"The Nasdaq composite index inched up 1.28 , or 0.1 percent , to 1,766.60 , following a weekly win of 3.7 percent .","The technology-laced Nasdaq Composite Index .IXIC was off 24.44 points , or 1.39 percent , at 1,739.87 .",0
Physicians who violate the ban would be subject to fines and up to two years in prison .,"Physicians who perform the procedure would face up to two years in prison , under the bill .",1
"Standard & Poor 's 500 stock index futures declined 4.40 points to 983.50 , while Nasdaq futures fell 6.5 points to 1,206.50 .","The Standard & Poor 's 500 Index was up 1.75 points , or 0.18 percent , to 977.68 .",0
"For example , Anhalt said , children typically treat a 20-ounce soda bottle as one serving , although it actually contains 2 ½ 8-ounce servings .","Anhalt said children typically treat a 20-ounce soda bottle as one serving , while it actually contains 2.5 .",1
The yield on the 3 percent note maturing in 2008 fell 22 basis points to 2.61 percent .,"The yield fell 2 basis points to 1.41 percent , after reaching 1.4 percent on May 8 , the lowest since March 12 .",0
"Kline 's opinion dealt specifically with abortion providers , but it also would apply to doctors providing other services , such as prenatal care , to a pregnant child under 16 .","Kline 's opinion dealt specifically with abortion providers , but later his office said it also would apply to doctors providing services such as prenatal care to pregnant girls under 16 .",1
"The United Nations ' International Atomic Energy Agency asked for information on the allegation after the dossier was published , but Britain did not provide any , U.N. officials said .","The International Atomic Energy Agency asked for information on the uranium assertions after London 's dossier was published , but Britain did not provide any , U.N. officials said .",1
"Sixteen days later , as superheated air from the shuttle 's reentry rushed into the damaged wing , "" there was no possibility for crew survival , "" the board said .","Sixteen days later , as superheated air from the shuttle ’ s re-entry rushed into the damaged wing , ‘ ‘ there was no possibility for crew survival , ’ ’ the board said .",1
""" The free world and those who love freedom and peace must deal harshly with Hamas and the killers , "" he told reporters as he emerged from a church service .",""" It is clear that the free world , those who love freedom and peace , must deal harshly with Hamas and the killers , "" he said .",1
"The pressure will intensify today , with national coverage of the final round planned by ESPN and words that are even more difficult .","The pressure may well rise today , with national coverage of the final round planned by ESPN , the cable sports network .",0
"Powell fired back : "" He 's accusing the president of a ludicrous act , "" he said .","If so , Powell said , he 's calling the president ludicrous , too .",1
"The memo on protecting sales of Windows and other desktop software mentioned Linux , a still small but emerging software competitor that is not owned by any specific company .","The memo specifically mentioned Linux , a still small but emerging software competitor that is not owned by any specific company .",1
"Also Tuesday , the United States also released more Iraqi prisoners of war , and officials announced that all would soon be let go .","Meanwhile in southern Iraq , the United States released more Iraqi prisoners of war , and officials announced that all would be let go soon .",1
"The resulting lists led toa CBS special , AFI 's 100 Years . . . 100 Heroes & Villains , hosted by Arnold Schwarzenegger .","A prime-time special on the list , "" AFI 's 100 Years . . . 100 Heroes & Villains "" aired Tuesday on CBS .",0
Police warned residents on Friday not to travel alone and to avoid convenience stores and service stations stores at night .,Police advised residents Friday not to travel alone to convenience stores and to be watchful .,0
""" We had nothing to do with @ Stake 's internal personnel decision , "" Microsoft spokesman Sean Sundwell said .",""" Microsoft had absolutely nothing to do with AtStake 's internal personnel decision , "" Sundwall said .",1
"Prosecutors said there is no question Waagner was behind the letters , which were sent at the same time of the anthrax attacks .","Prosecutors said there is no question Waagner was behind the letters , which were sent at the same time that real anthrax attacks were killing people in 2001 .",1
"His plan would cost more than $ 200 billion annually , which Gephardt would pay for by repealing Bush 's tax cuts .",His plan would cost over $ 200 billion annually and be paid for by repealing Bush 's tax cuts .,1
There had been fears that the 35 year-old wouldn 't be able to conceive after suffering two ectopic pregnancies and cancer of the uterus .,There were fears that Heather would never have children after suffering two ectopic pregnancies and cancer of the uterus .,1
"On Friday , the Food and Drug Administration approved the use of silicone breast implants with conditions .",The drug was approved for use Friday by the Food and Drug Administration .,0
"Prosecutors said Paracha , if convicted , could face at least 17 years in prison .",Paracha faces at least 17 years in prison if convicted .,1
"More than half of the songs were purchased as albums , Apple said .",Apple noted that half the songs were purchased as part of albums .,1
"The ECB has cut interest rates six times over that period , from 4.75 percent in October 2000 to 2.5 percent .",The ECB has cut rates from 4.75 percent in October 2000 to 2.5 percent in that period .,0
""" This deal makes sense for both companies , "" Halla said in a prepared statement .","Brian Halla , CEO of NatSemi , claimed the deal made sense for both companies .",1
"Smugglers in a van chased down a pickup and SUV carrying other smugglers and illegal immigrants , said Pinal County Sheriff Roger Vanderpool .","People in a van opened fire on a pickup and SUV believed to be transporting illegal immigrants , said Pinal County Sheriff Roger Vanderpool .",1
"Tyco later said the loan had not been forgiven , and Swartz repaid it in full , with interest , according to his lawyer , Charles Stillman .","Tyco has said the loan was not forgiven , but that Swartz fully repaid it with interest , according to his lawyer , Charles Stillman .",1
"While Bolton apparently fell and was immobilized , Selenski used the mattress to scale a 10-foot , razor-wire fence , Fischi said .","After the other inmate fell , Selenski used the mattress to scale a 10-foot , razor-wire fence , Fischi said .",1
"The loonie , meanwhile , continued to slip in early trading Friday .","The loonie , meanwhile , was on the rise again early Thursday .",0
"Ms. Haque , meanwhile , was on her turquoise cellphone with the smiley faces organizing the prom .","Fatima , meanwhile , was on her turquoise cell phone organizing the prom .",1
"But he added that the New York-based actor and producer is "" a private person and doesn 't care to have his treatment out for public consumption . ""","But he added that De Niro is "" a private person and doesn 't care to have his treatment out for public consumption . """,1
"While a month 's supply of aspirin can cost less than $ 10 , the equivalent amount of ticlopidine can run significantly more than $ 100 .","While a month 's supply of aspirin can cost under $ 10 , the equivalent amount of ticlopidine can run well over $ 100 .",1
She estimated it would take three months and would require cancellation of a sub-audit of the Department of Environmental Quality .,She said it would take an estimated three months to conduct and require the cancellation of a sub-audit of the Department of Environmental Quality .,1
Arison said Mann may have been one of the pioneers of the world music movement and he had a deep love of Brazilian music .,Arison said Mann was a pioneer of the world music movement -- well before the term was coined -- and he had a deep love of Brazilian music .,0
"The virus kills roughly 36,000 people in an average year , according to the U.S. Centers for Disease Control and Prevention .","Complications from flu kill roughly 36,000 Americans in an average year , according to the U.S. Centers for Disease Control and Prevention .",1
"In two new schemes , people posing as IRS representatives target families of armed forces members and e-mail users .",Two new schemes target families of those serving in the military and e-mail users .,1
"Wim Wenders directed a widely praised film of the same name , based on the sessions .",A widely praised film of the same name was directed by Wim Wenders .,0
"Miss Novikova said while there is no standard weight for ballerinas , Miss Volochkova is ' bigger than others ' .","Commenting on the firing today , Ms. Novikova said that there was no standard weight for ballerinas but that Ms. Volochkova "" is bigger than others . """,1
Both have aired videotapes of ex-president Saddam Hussein encouraging Iraqis to fight the U.S. occupation of Iraq .,"Both have aired videotapes apparently from deposed Iraqi President Saddam Hussein , encouraging Iraqis to fight the U.S. occupation .",1
"Under the program , U.S. officials work with foreign port authorities to identify , target and search high-risk cargo .","Under the program , US officials work with foreign port authorities to seek out high-risk cargo before it can reach the United States .",1
"And if we don 't do this , innocent people on the ground are going to die , too . ""","Crews are told : "" If we don 't do this , innocent people on the ground are going to die "" , he said .",1
""" It 's probably not the easiest time to take over the shuttle program , "" he added , "" but I look forward to the challenge .",""" It is probably not the easiest time to come in and take over the shuttle program , but then again , I look forward to the challenge , "" he said .",1
"As a result , Nelson now faces up to 10 years ' jail instead of life .",The verdict means Nelson faces up to 10 years in prison rather than a possible life sentence .,1
"With all precincts reporting , Fletcher — a three-term congressman from Lexington — had an overwhelming 57 percent of the vote .","With all precincts reporting , Fletcher had 88,747 votes , or 57 percent of the total .",1
""" His progress is steady , he 's stable , he 's comfortable , "" Jack said Tuesday afternoon .",""" His progress is steady , he is stable , "" said Dr Jack .",0
"Shadrin said Khodorkovsky 's aircraft was approached by officers identifying themselves as members of the FSB intelligence service , the domestic successor to the Soviet KGB .",Shadrin said Khodorkovsky 's aircraft was approached by officers identifying themselves as members of the FSB domestic intelligence service .,1
"She claimed all the babies were born full-term and died within hours , he said .",""" What she told our investigators was that all the babies were born full-term and then died within hours , "" Hughes said .",1
French Foreign Minister Dominique de Villepin was scheduled to arrive Sharm el-Sheikh on Wednesday .,"The French Foreign Minister , Dominique de Villepin , is also expected to attend .",1
"They believe the same is true in humans , giving a 30 per cent higher risk of the disease .","The researchers believe the same is true in humans , translating to a 30 per cent greater risk of the disease .",1
Total sales for the period declined 8.0 percent to $ 1.99 billion from a year earlier .,Wal-Mart said sales at stores open at least a year rose 4.6 percent from a year earlier .,0
U.S. law enforcement officials are sneering at Dar Heatherington 's version of the events which thrust her into the public spotlight .,U.S. law enforcement officials are sneering at Dar Heatherington 's version of of the events -- including a police conspiracy to discredit her -- which thrust her into the public spotlight .,1
The Saudi newspaper Okaz reported Monday that suspects who escaped Saturday 's raid fled in a car that broke down on the outskirts of Mecca Sunday afternoon .,The newspaper Okaz reported that the six suspects arrested Sunday fled the raid in a car that broke down on the outskirts of Mecca .,1
"Michael Mitchell , the chief public defender in Baton Rouge who is representing Lee , did not answer his phone Wednesday afternoon .","Michael Mitchell , the chief public defender in Baton Rouge who is representing Lee , was not available for comment .",1
"In Canada , the booming dollar will be in focus again as it tries to stay above the 75 cent ( U.S. ) mark .","In Canada , the surging dollar was in focus again as it struggled and just failed to stay above the 75 cent ( U.S. ) mark .",1
"They are tired of paying the high cost of CDs and DVDs and prefer more flexible forms of on-demand media delivery . ""","Consumers , tired of paying high prices for CDs and DVDs , are looking for flexible forms of on-demand media delivery .",1
""" The bolt catcher is not as robust as it is supposed to be , "" the board 's chairman , retired Adm. Hal Gehman , said .",""" The bolt catcher is not as robust "" as it should be , said retired Navy Admiral Harold W. Gehman Jr . , the board chairman .",1
"The Interior Minister , Al Mustapha Sahel , said the investigation "" points to a group that has been arrested recently "" , an apparent reference to Djihad Salafist .","Moroccan Interior Minister Al Mustapha Sahel told state-run 2M television late Saturday the investigation "" points to a group that has been arrested recently "" an apparent reference to Salafist Jihad .",1
"The report was found Oct. 23 , tucked inside an old three-ring binder not related to the investigation .",The report was found last week tucked inside a training manual that belonged to Hicks .,1
"Among Fox viewers , 41 percent describe themselves as Republicans , 24 percent as Democrats and 30 percent as Independents .","Among CNN viewers , 29 percent said they were Republicans and 36 percent called themselves conservatives .",0
"Muslim immigrants have used the networks - which rely on wire transfers , couriers and overnight mail - to send cash to their families overseas .","Muslim immigrants have used the networks _ which rely on wire transfers , couriers and overnight mail _ to send stashes of cash overseas to their families .",1
"Also arrested Friday was Claudia Carrizales de Villa , 34 , a Mexican citizen who lives in Harlingen .","Also arrested Friday was Claudia Carrizales de Villa , 34 , a citizen of Mexico residing in the border city of Harlingen , Texas .",1
""" We condemn the Governing Council headed by the United States , "" Muqtada al Sadr said in a sermon at a mosque .",""" We condemn and denounce the Governing Council , which is headed by the United States , "" Moqtada al-Sadr said .",1
"Mrs Boncyk 's husband , Wayne , had taken the family car to work , so his wife and children had to ride with neighbours .","Mrs. Boncyk 's husband , Wayne , had taken the family 's only car to work , so she and the children had to catch a ride with neighbors .",1
Ukrainian President Leonid Kuchma today cut short a visit to Latin America as a bitter border wrangle between Ukraine and Russia deteriorates further .,The dispute has led Ukrainian president Leonid Kuchma to cut short a state visit to Latin America .,1
"For the weekend , the top 12 movies grossed $ 157.1 million , up 52 percent from the same weekend a year earlier .","The overall box office soared , with the top 12 movies grossing $ 157.1 million , up 52 percent from a year ago .",1
Platinum prices soared to 23-year highs earlier this year after President Bush ( news - web sites ) proposed investing $ 1.2 billion for research on fuel cell-powered vehicles .,Platinum prices soared to 23-year highs earlier this year after U.S. President George W. Bush proposed investing $ 1.2 billion for research on fuel cell-powered vehicles .,1
""" Nobody really knows what happened except me and that guard , "" Kaye said , "" and I can assure you that what he said happened didn 't happen . """,""" Nobody really knows what happened there except for me and the guard , and I can assure you that what he said happened didn 't happen , "" Kaye said .",1
Shares of Corixa fell 12 cents to $ 6.88 as of 3 : 59 p.m.,Shares of Corixa fell 12 cents to $ 6.88 on the Nasdaq stock market .,0
At the time federal investigators were looking into how CFSB allocated shares of initial public stock offerings .,A federal grand jury and the Securities and Exchange Commission were looking into how the company allocated shares of initial public stock offerings .,1
Qanbar said the council members would possibly elect a chairman later Sunday .,US authorities have said the council would include 20 to 25 members .,0
October heating oil futures settled .85 cent lower at 69.89 cents a gallon .,October heating oil ended down 0.41 cent to 70.74 cents a gallon .,1
"By 2007 , antivirus solutions will carry a worldwide price tag of $ 4.4 billion--double that of five years earlier .","By 2007 , antivirus solutions will carry a worldwide price tag double that of 2002 : $ 4.4 billion .",1
The Securities and Exchange Commission brought a related civil case on Thursday .,The Securities and Exchange Commission filed a civil fraud suit against the teen in Boston .,0
"ConAgra stock closed Monday on the New York Stock Exchange at $ 21.63 a share , down 11 cents .","ConAgra shares closed Monday at $ 21.63 a share , down 11 cents , on the New York Stock Exchange .",1
One of the features is the ability to delete data on a handheld device or lock down the device should a user lose it .,One of the features is the ability to delete data on a handheld device if a user loses or locks down the device .,1
""" I just got carried away and started making stuff , "" Byrne said .","Byrne says he got carried away with PowerPoint and just "" started making stuff . """,1
"Georgia cannot afford to not get funding , "" said Dr. Melinda Rowe , Chatham County 's health director .","Georgia cannot afford to not get funding , "" said county health director Dr. Melinda Rowe .",1
"Handspring shareholders will get 0.09 shares of the parent company , Palm , Inc . , for each share of Handspring common stock they currently own .",Handspring 's shareholders will receive 0.09 Palm shares ( and no shares of PalmSource ) for each share of Handspring common stock they own .,1
Shares of Microsoft rose 50 cents Friday to close at $ 28.34 a share on the Nasdaq Stock Market .,"Microsoft 's stock was up 50 cents , to $ 28.34 a share in New York yesterday .",1
"Based on having at least one of the symptoms , most students had been hung over between three and 11 times in the previous year .",On average the students suffered at least one of the 13 symptoms between three and 11 times in the last year .,1
"Tibco has used the Rendezvous name since 1994 for several of its technology products , according to the Palo Alto , California company .","Tibco has used the Rendezvous name since 1994 for several of its technology products , it said .",1
"A few thousand troops , most from the division 's 3rd Brigade Combat Team based at Fort Benning in Columbus , began returning last week , with flights continuing through Friday .","Several thousand 3rd Infantry troops , including the 3rd Brigade Combat Team based at Fort Benning in Columbus , Ga . , began returning last week .",1
"In a televised interview on Wednesday , ECB President Wim Duisenberg said it was too soon to discuss further interest rate cuts in the 12-nation euro zone .",European Central Bank President Wim Duisenberg said in a televised interview that it was too soon to discuss further interest rate cuts in the euro zone .,1
"Teenagers at high schools where condoms were available were no more likely to have sex than other teens , a study published Wednesday finds .","Teen-agers at high schools where condoms are available are no more likely to have sex than other teens , a study says .",1
"Later in the day , however , a former Intel executive turned the tables in a speech where he blasted wireless as being too complicated and too difficult to install .","And Thursday , a former Intel exec blasted wireless as too insecure , too complicated , and too difficult to install .",1
He is charged in three bombings in Atlanta _ including a blast at the 1996 Olympics _ along with the bombing in Alabama .,He is charged in three bombings in Atlanta including a blast at the 1996 Olympics and one in Alabama .,1
"They were found in a stolen van , said James Flateau , a spokesman for the state Department of Correctional Services .","State troopers arrested the men in a stolen van at the Jubilee Market on Route 14 in Horseheads , said James Flateau , a Department of Correctional Services spokesman .",0
"On Thursday , a Post article argued that a 50 basis point cut from the Fed was more likely .","On Thursday , a Post article argued that a 50-basis-point cut was most likely .",1
"Sun was the lone major vendor to see its shipments decline , falling 2.9 percent to 59,692 units .","IBM ( NYSE : IBM ) was the fastest-growing vendor , with sales jumping 37 percent to 220,000 units .",0
"He is one of two Democrats on the five-member FCC , and he is a strong advocate of harsher penalties against radio and television stations that violate indecency laws .","Copps , one of two Democrats on the five-member commission , has pushed for harsher penalties against radio and television stations that violate indecency laws .",1
"The city index outperformed the Dow Jones industrial average , which fell 0.9 percent for the week .","The blue-chip Dow Jones industrial average .DJI tacked on 97 points , or 1.14 percent , to 8,699 .",0
"State media said there were at least 770 dead and over 5,600 injured .","The latest toll given by officials to state media was 643 dead and over 4,600 injured .",1
The March downturn was the only break in what has been broad growth in services for the past 15 months .,A downturn in services activity in March was the only break in what has been broad growth in services for the past 15 months .,1
"In the first three months of 2003 alone , weekly earnings adjusted for inflation fell 1.5 % -- the biggest drop in more than a decade , "" Lieberman said .","In the first quarter of this year , weekly earnings adjusted for inflation fell 1.5 percent - the biggest drop in more than a decade .",1
"The statistical analysis was published Tuesday in Circulation , a journal of the American Heart Association ( news - web sites ) .",Their findings were published Monday in Circulation : The Journal of the American Heart Association .,1
President George W. Bush and top administration officials cited the threat from Iraq 's banned weapons programs as the main justification for going to war .,President Bush and top officials in his administration cited the threat from Iraq 's alleged chemical and biological weapons and nuclear weapons program as the main justification for going to war .,1
"The epidemic began in November in the mainland 's Guangdong province , but the People 's Republic of China refused to report truthfully about its spread for four months .","The PRC epidemic began in Guandong province in November , but the Communist Party government refused to report truthfully about its spread for four months .",1
""" This man gambled with our lives and we , the passengers , lost , "" said Andres Rivera Jr . , who was also on the bus .",""" This man gambled with our lives and we , the passengers , lost , "" said passenger Andres Rivera Jr . , whose 15-year-old niece , Jazmine Santiago , was killed .",0
IG Farben 's 500 properties were valued at around 38-million euros ( about R300-million ) and the firm had debts totalling about 28-million .,IG Farben 's 500 properties were valued at around 38 million euros ( $ 43.63 million ) and the firm had debts totalling some 28 million euros .,1
"The company 's operating loss rose 59 percent to $ 73 million , from $ 46 million a year earlier .",Operating revenue fell 4.5 percent to $ 2.3 billion from a year earlier .,0
"The agent , Bassem Youssef , filed the lawsuit on Friday in Federal District Court for the District of Columbia .",The lawsuit was filed on Friday at the US District Court for the District of Columbia .,1
""" Smallpox is not the only threat to the public 's health , and vaccination is not the only tool for smallpox preparedness , "" Strom said .",""" Smallpox is not the only threat to the nation 's health , and vaccination is not the only tool for preparedness , "" his introductory statement says .",1
"Mr Abbas said : "" Every day without an agreement is an opportunity that was lost .","His Palestinian counterpart , Mahmoud Abbas , replied that "" every day without an agreement is an opportunity that was lost .",1
"We remain hopeful that the city will agree to work with us and engage in good-faith discussions on this issue . ""","Alhart said the governor "" remains hopeful that the city will continue to work with us and engage in good-faith discussions . """,1
"Later in the day , a standoff developed between French soldiers and a Hema battlewagon that attempted to pass the UN compound .",French soldiers later threatened to open fire on a Hema battlewagon that tried to pass near the UN compound .,1
""" By its actions , the Bush administration threatens to give a bad name to a just war , "" Lieberman said .",""" By its actions , the Bush administration threatens to give a bad name to a just war , "" the Connecticut Democrat told a Capitol Hill news conference .",1
"Gillette shares rose $ 1.45 , or 4.5 percent , to $ 33.95 in afternoon New York Stock Exchange trading .",Shares of Gillette closed down 45 cents at $ 33.70 in trading Wednesday on the New York Stock Exchange .,0
"Even without call center requests , companies using the handset option must have 95 percent of their customers using the technology by the end of 2005 .",Those that choose the handset option must have 95 percent of their customers using the technology by the end of 2005 .,0
About 120 potential jurors were being asked to complete a lengthy questionnaire .,The jurors were taken into the courtroom in groups of 40 and asked to fill out a questionnaire .,1
Microsoft fell 5 percent before the open to $ 27.45 from Thursday 's close of $ 28.91 .,Shares in Microsoft slipped 4.7 percent in after-hours trade to $ 27.54 from a Nasdaq close of $ 28.91 .,0
"U.S. Airways ordered 85 Bombardier jets with 50 seats and 75 seats and 85 Embraer jets with 70 seats , it said in a release .","Bombardier and Embraer will each deliver 85 jets by September 2006 , U.S. Airways said in a release .",0
The acquisition has been approved by both companies ' board of directors and is expected to close in the third quarter this year .,"Nvidia 's acquisition has been approved by directors at both companies , and is expected to close in the Nvidia 's third quarter of fiscal 2004 .",1
"The 39-year-old Luster initially gave police a false name , but later revealed his true identity .",Barrera said Luster gave police a false name immediately after his arrest Wednesday but later revealed his true identity .,1
"In a statement distributed Friday , 28 Chechen non-governmental organizations said they would boycott the vote .","In a statement distributed today , 28 Chechen non-governmental organisations said they would boycott the vote and warned voters to expect fraud .",0
"If the companies won 't , their drugs could be prescribed to Medicaid patients only with the state 's say-so .","If a company won 't do so , its drugs could be prescribed to Medicaid patients only with the state 's say-so .",1
""" It 's a huge black eye , "" said New York Times Company chairman Arthur Sulzberger .",""" It 's a huge black eye , "" said publisher Arthur Ochs Sulzberger Jr . , whose family has controlled the paper since 1896 .",0
"Singer Brandy and her husband , Robert Smith , have called it quits .","Brandy and Husband SplitR 'n'b star Brandy and Robert Smith , her husband of two years have split up .",1
"She told Murray , "" We ... we have ... the fresh air is going down fast ! """,""" The fresh air is going down fast ! "" she screamed at Murray .",1
""" The president 's campaign in 2000 set a standard for disclosure in political fund raising , and the campaign will again in 2004 , "" Bush campaign spokesman Dan Ronayne said .",""" The president 's campaign in 2000 set a standard for disclosure in political fund raising and the campaign will again in 2004 , "" said Dan Ronayne , a campaign spokesman .",1
"On April 11 , Mayor Bart Peterson said it was "" inconceivable "" that the airline would resume operations at the base that had employed 1,500 workers , including 1,100 mechanics .","On April 11 , Mayor Bart Peterson conceded that the facility 's fate was inevitable , quashing the hopes of the airline 's 1,500 local workers , including 1,100 mechanics .",1
Dotson was arrested Monday in his native Maryland and charged with murder .,"Dotson , 21 , was subsequently charged with Dennehy 's murder .",0
Another was in serious condition at Northwest Medical Center in Springdale .,"At Northwest Medical Center of Washington County in Springdale , one child is in serious condition .",1
"With the exception of dancing , physical activity did not decrease the risk .",Dancing was the only physical activity associated with a lower risk of dementia .,1
"The 1 5 / 8 percent note maturing in April 2005 gained 1 / 16 to 100 13 / 32 , lowering its yield 1 basis points to 1.41 percent .",The yield on the 3 percent note maturing in 2008 fell 22 basis points to 2.61 percent .,0
"Mr. Bush had sought to store his papers in his father 's presidential library , where they would have stayed secret for a half-century .","In Texas , public watchdog groups opposed Mr. Bush 's efforts to house his papers at his father 's presidential library , where they would have remained secret for a half-century .",0
"Williams was White , and four of his victims were Black ; the fifth was White .",Four of those killed by Williams were black ; the other was white .,1
"A hearing on the matter was held Thursday morning in Fulton County Superior Court , marking one of the early steps in deciding the case of Matthew Whitley .",A hearing Thursday morning before Judge Elizabeth Long in Fulton County Superior Court marked one of the first steps in deciding the case of Matthew Whitley .,1
Arts helped coach the youth on an eighth-grade football team at Lombardi Middle School in Green Bay .,The boy was a student at Lombardi Middle School in Green Bay .,0
Atlantic Coast will continue its operations as a Delta Connections carrier .,"It will continue its regional service for Delta Air Lines DAL.N , Atlantic Coast said .",1
""" It 's amazing to be part of an industry that rewards its young , "" said Hernandez , who is a recent graduate of Parsons School of Design .",""" It 's amazing to be part of an industry that rewards its young , "" said Hernandez , who only graduated from Parsons School of Design last May .",1
The flamboyant entrepreneur flagged the plan after a meeting in London with Australian Tourism Minister Joe Hockey .,Sir Richard was speaking after a meeting in London with Australian Tourism Minister Joe Hockey .,1
"Ryan Harvey , an outfielder from Dunedin High School in Florida , was selected with the sixth pick by the Chicago Cubs .","Ryan Harvey , a high school outfielder from Florida , was chosen sixth by the Cubs .",1
"At 8 a.m. Friday , San Joaquin County Sheriff 's deputies found the body of Adan Avalos , 37 .",San Joaquin County sheriff 's deputies found 37-year-old Adan Avalos of Riverbank shot to death inside the SUV .,0
"Technology stocks make up 42 percent of the Nasdaq , which fell 49.95 points , or 2.9 percent , to 1,698.02 .","The Nasdaq fell 49.95 points , or 2.86 percent , to end at 1,698.02 , based on the latest available data .",0
"Thomas was joined in full by Rehnquist , and in parts by O 'Connor and Scalia .",He was joined by Chief Justice William H. Rehnquist and Justices Sandra Day O 'Connor and Antonin Scalia .,1
"The bulk of the funds , some $ 65 billion , will go for military operations in Iraq and Afghanistan .",The bulk of the bill - $ 64.7 billion - goes for military operations primarily in Iraq and Afghanistan .,1
"The new capabilities will provide IBM customers a way to create , publish , manage and archive Web-based content within a corporate intranet , extranet and Internet environment .","The product will be targeted at companies that need to create , publish , manage and archive web-based content within a corporate intranet , extranet and internet environment .",1
"When you crossed the line , you violated the constitutional right , "" said Charles Weisselberg , a UC Berkeley law professor .","When you crossed the line , you violated the constitutional right , "" said Charles Weisselberg , who teaches law at the University of California , Berkeley .",1
"A $ 500 million natural-gas-fired power plant , for example , could replace up to $ 100 million in boilers yearly without adding new smog controls .","A $ 500 million coal-fired power plant , for example , could replace $ 100 million in equipment yearly without adding new pollution controls .",1
"On Sunday , the experts will perform the first simultaneous release of five whales from a single stranding incident in the United States .","Today , the experts will perform the United States ' first simultaneous release of five whales from a single stranding incident .",1
"Shares of AstraZeneca AZN.N , Europe 's second biggest drugmaker , rose 3.71 percent to close at $ 43.05 on the New York Stock Exchange .","Shares of AstraZeneca , Europe ’ s second biggest drug company , rose 3 per cent on the New York Stock Exchange after the news .",0
"Gov. Rick Perry has said that while he opposes gambling expansion , he would be reluctant to veto continuation of the Lottery Commission .","Gov. Rick Perry opposes expansion of gambling but has said he would be "" hard-pressed "" to veto the lottery sunset bill .",1
""" This blackout was largely preventable , "" Energy Secretary Spencer Abraham said .",""" Things go wrong , "" U.S. Energy Secretary Spencer Abraham said Wednesday at the Department of Energy .",0
"Typhoon Maemi later moved out over the Sea of Japan , where it weakened considerably , the meteorology department said .","Typhoon Maemi was on Saturday night moving over the Sea of Japan , where it had weakened considerably , the meteorology department said .",1
"Along with chip.m.aker Intel , the companies include Sony Corp. , Microsoft Corp. , Hewlett-Packard Co . , International Business Machines Corp. , Gateway Inc . , Nokia Corp. and others .","Along with chip maker Intel , the companies include Sony , Microsoft , Hewlett-Packard , International Business Machines , Gateway , Nokia and others .",1
"Officials developed plans to burn about 2,000 acres of dense forest near the park 's southwest border by dropping incendiary devices , hoping to burn off fuel from the wildfire 's path .","Officials tentatively planned to burn about 2,000 acres of dense forest by dropping incendiary devices from the air , aiming to remove fuel from the wildfire 's path .",1
"At last nights protest , demonstratorschanted "" tapping our phones , reading our mail , the LEIU should go to jail . ""","Protesters chanted , "" Tapping our phones , reading our mail , the LEIU should go to jail , "" put on small skits and danced to drumbeats .",0
""" It still remains to be seen whether the revenue recovery will be short-lived or long-lived , "" Mr. Sprayregen said .",""" It remains to be seen whether the revenue recovery will be short- or long-lived , "" said James Sprayregen , UAL bankruptcy attorney , in court .",1
"Some 14,000 customers were without power in the area , Oklahoma Gas and Electric said .","About 38,000 OGE Energy Corp. customers are without power , the company said on its Web site .",1
""" The SIA forecast reflects the new realities of the semiconductor industry of an 8-10 percent "" growth rate , George Scalise , the trade association 's president , said in a statement .",""" The SIA forecast reflects the new realities of the semiconductor industry of an 8-10 per cent ' ' growth rate "" , said George Scalise , the association 's president .",1
Eighty-six seriously wounded U.N. workers were airlifted out for medical care .,Eighty-six U.N. workers who were wounded in Tuesday 's bombing were airlifted out for medical care .,1
"Burns believed that confessing a crime he did not commit was the only way out , Richardson said .","To the frightened Burns , Richardson said , confessing a crime he did not commit looked like the only out .",1
"Phone calls to Spitzer 's office , Citigroup and Goldman Sachs were not immediately returned .",A message left with Spitzer 's office as well as Citigroup and Goldman Sachs were not immediately returned .,1
"Instead , the high court said that drug makers did not adequately show why the plan should be prevented from taking effect .",Stevens said that the drug manufacturers had not shown why the plan should be prevented from taking effect .,1
Medical experts said the condition was mildly worrying but easily-manageable .,Medical experts said Blair 's problem was worrying but relatively common and easily manageable .,1
"Joan B. Kroc , the billionaire widow of McDonald 's Corp. founder Ray Kroc , died Sunday after a brief bout with brain cancer .","Joan B. Kroc , the billionaire widow of McDonald 's founder Ray Kroc known for her philanthropy , died Sunday of brain cancer .",1
"The company has expanded into providing other services for buyers , including payment services .","The company has expanded those basic services , offering payment and even financing .",1
A Lamar mother arrested Saturday in Colorado Springs is accused of drowning her two children in a bathtub before slitting her wrists .,"A 32-year-old mother of two is suspected of drowning her children in a bathtub before slashing her wrists in an unsuccessful suicide attempt , police said .",1
She was surrounded by about 50 women who regret having abortions .,She was surrounded by about 50 women who have had abortions but now regret doing so .,1
"Revelations of the expenditures shocked some employees at Delta , an airline that is cutting jobs as it struggles with increased security costs and fewer passengers .","Revelations of the expenditures shocked some employees at Delta , an airline that has posted huge losses and cut jobs as it struggles with increased security costs and fewer passengers .",1
"The search was concentrated in northeast Pennsylvania , but State Police Trooper Tom Kelly acknowledged that Selenski could have traveled hundreds of miles by now .","The search was concentrated in northeastern Pennsylvania , but State Police Trooper Tom Kelly acknowledged that Selenski could be out of the area .",1
The calculation shows that the number of deaths from pneumonia and influenza have exceeded the usual number for recent weeks .,One is a statistical calculation based on the number of deaths from pneumonia and influenza in 122 cities .,0
"Researchers at Sweden 's Karolinska Institute reanalyzed data from more than 2,000 infants who had been treated with radiation for a benign birthmark condition between 1930 and 1959 .","Researchers at Sweden 's Karolinska Institute recently went over data from more than 2,000 children treated with radiation for a harmless birthmark condition between 1930 and 1959 .",1
"Outside the court , Sriyanto , who faces up to 25 years ' jail , denied he had done anything wrong .","Outside the court , Sriyanto denied to The Age that he had done anything wrong .",0
"The state , which previously conducted two triple executions and two double executions , says the policy is designed to reduce stress on its prison staff .","The state previously conducted two triple executions and two double executions , a practice it says is intended to reduce stress on the prison staff .",1
"The little girl , the daughter of a teller , was taken to the bank after a doctor 's appointment .","Earlier in the evening , the mother , whom authorities did not identify , had brought her daughter to the bank after a doctor 's appointment .",1
At least 23 U.S. troops have been killed by hostile fire since Bush declared major combat in Iraq to be over on May 1 .,At least 26 American troops have been killed in hostile fire since major combat was officially declared over on May 1 .,1
""" Apple is working with Oxford Semiconductor and affected drive manufacturers to resolve this issue , which resides in the Oxford 922 chipset , "" the company said in a statement .","Apple is working with Oxford Semiconductor and affected drive manufacturers to resolve this issue , which resides in the Oxford 922 chip-set . """,1
"Even later in life , he was still cashing in : lately , he earned money by calling fans on the telephone with the service www.HollywoodIsCalling.com.","Lately , he had earned money by calling fans on the telephone , taking part in the service www.HollywoodIsCalling.com.",1
The transaction will expand Callebaut 's sales revenues from its consumer products business to 45 percent from 23 percent .,The transaction will expand Callebaut 's sales revenues from its consumer products business by around 45 percent to some one-third of total sales .,0
"A sign outside the Peachtree Restaurant reads : "" Pray for Eric Rudolph . """,""" Rudolph ate here "" , joked a sign outside one restaurant .",0
"In a statement , the company said both bids would allow Vivendi to "" maintain a substantial minority interest in a U.S. media corporation with excellent growth potential . ""","It also added that both proposals would allow Vivendi Uni to maintain "" a substantial minority interest in a U.S. media corporation with excellent growth potential . """,1
"In Vienna , the IAEA said ElBaradei would accept the invitation , although no date had yet been set .","In Vienna , the International Atomic Energy Agency said on Monday ElBaradei had accepted Iran 's invitation , but said no date had yet been set .",1
"Strikingly , the poll saw little difference between women and men in their feelings towards Mrs Clinton .","Strikingly , the poll saw very little difference between women and men in their feelings about the former First Lady .",1
"A 25 percent increase would raise undergraduate tuition to about $ 5,247 annually , including miscellaneous , campus-based fees .","The 25 percent hike takes annual UC undergraduate tuition to $ 4,794 and graduate fees to $ 5,019 .",0
"From July 1 , 2002 , to June 30 , 2003 , the organization said it spent $ 114.3 million but took in only $ 39.5 million .","Between July 1 , 2002 and June 30 , 2003 , the Red Cross spent $ 114 million on disaster relief , while taking in only $ 39.5 million .",1
"Hundreds of reporters and photographers swamped the courthouse grounds before the hearing , which was carried live on national cable networks .",Hundreds of reporters and photographers swamped the town and the short hearing involving the five-time All-Star was carried live on national cable networks .,0
"The 20 master computers are located in the United States , Canada and Korea , Mr. Kuo said .","The computers were located in the United States , Canada and South Korea , he said .",1
They said : “ We believe that the time has come for legislation to make public places smoke-free .,""" The time has come to make public places smoke-free , "" they wrote in a letter to the Times newspaper .",1
Milwaukee prosecutors charged a church minister with physical abuse in the death of an 8-year-old autistic boy who died during a healing service .,A church minister was charged yesterday in the death of an 8-year-old autistic boy who suffocated as church leaders tried to heal him at a storefront church .,1
Niels told an interviewer in 1999 he thought the Old Man would outlive him by many years .,"In 1999 , two years before his death , Mr. Nielsen told an interviewer that he thought the rock face would outlive him by many years .",0
"The new effort , Taxpayers Against the Recall , will be formally launched Wednesday outside a Sacramento fire station .","Called "" Taxpayers Against the Recall , "" it was to be launched Wednesday afternoon outside a Sacramento fire station .",1
"Furthermore , chest tightness after exercise and prevalence of asthma were both linked to the amount of time spent at the pool .",Chest tightness after exercise and overall prevalence of asthma were also linked to the total amount of time spent at indoor pools .,1
British police arrested 21 people early Tuesday in connection with the suspected ritual murder of an African boy whose torso was found in the Thames River .,Police have arrested 21 people in connection with the murder of a young Nigerian child whose headless and limbless torso was found floating in the river Thames .,1
Winners will be announced in a June 8 ceremony broadcast on CBS from Radio City Music Hall .,Tony winners will be announced June 8 in televised ceremonies from Radio City Music Hall .,1
A lawsuit has been filed in an attempt to block the removal of the Ten Commandments monument from the building .,Supporters asked a federal court Monday to block the removal of a Ten Commandments monument from the Alabama Judicial Building .,1
""" I 'm quite positive about it except I wouldn 't want it to cut across anything now occurring and she accepts that , "" he said .",""" I 'm quite positive about it , except that I would not want to cut across things that are now occurring , "" he said .",0
""" I started crying and yelling at him , ' What do you mean , what are you saying , why did you lie to me ? ' ""","Gulping for air , I started crying and yelling at him , ' What do you mean ?",0
"Marisa Baldeo stated , however , the authority 's official uniform policy says "" they are not supposed to wear anything on their heads but a NYC transit depot logo cap .",""" As of now , they are not supposed to wear anything on their heads but a NYC transit depot logo cap , "" Baldeo said .",1
"The Dow Jones industrial average .DJI jumped 2.09 percent , while the Standard & Poor 's 500 Index .SPX leapt 2.23 percent .","The broad Standard & Poor 's 500 Index .SPX gained 11.22 points , or 1.13 percent , at 1,007.19 .",0
"Between 50 and 100 persons die annually from these allergies , and thousands more suffer severe reactions such as constricted breathing and dramatic swelling .","Between 50 and 100 people die a year due to these allergies , and thousands more suffer severe reactions such as constricted breathing and dramatic swelling .",1
Only Intel Corp. has a lower dividend yield .,Only Intel 's 0.3 percent yield is lower .,1
"Sean Harrigan of Calpers , the California fund , said : "" Today we are trying to pull the pig from the trough .",""" Today we are trying to pull the pig away from the trough , "" Mr. Harrigan said .",1
"That truck was spotted in the Campbells Creek area , fitting that description , Morris said .","A black pickup truck was also seen in the Campbells Creek area , Morris said .",1
"Initial autopsy reports show they died of dehydration , hyperthermia and suffocation .","Two more died later , and initial autopsy reports show they succumbed to dehydration , hypothermia and suffocation .",0
"Most of those on board were Lebanese but some were from Benin , Guinea and Sierra Leone .","Some of the passengers were from Benin , Guinea and Sierra Leone .",0
"A pamphlet will be issued to the public through major hardware chains , local libraries and on the EPA Web site : www.epa.gov.",It will be distributed through major hardware store chains and local libraries and will be available on the EPA Web site : www.epa.gov.,1
"The captain , Michael J. Gansas , was notified yesterday by the city 's Department of Transportation that an agency hearing officer recommended that he be fired .",Gansas got more bad news yesterday from the city Department of Transportation - a hearing officer recommended that he be fired .,1
"Since then , police divers have searched nearby parts of Long Island Sound looking for the remaining three .","Since then , police divers have searched those waters looking for the remaining three .",1
"Mr. Yandarbiyev resides in Doha , Qatar , and Russian authorities have unsuccessfully tried to have him extradited for nearly two years .","He resides in Doha , Qatar , from which Russian authorities have been trying to extradite him for nearly two years .",1

